Title,Complexity,Meal Type,Cuisine,Dietary,Prep,Cook,Servings,Ingredients,Instructions
Recipe 1,moderate,lunch,italian,vegetarian,15,20,3,"Ingredient A, Ingredient B, Ingredient C for recipe 1","Step 1, Step 2, Step 3 for recipe 1"
Recipe 2,moderate,dinner,mexican,gluten-free,20,25,4,"Ingredient A, Ingredient B, Ingredient C for recipe 2","Step 1, Step 2, Step 3 for recipe 2"
Recipe 3,moderate,snack,asian,dairy-free,25,30,5,"Ingredient A, Ingredient B, Ingredient C for recipe 3","Step 1, Step 2, Step 3 for recipe 3"
Recipe 4,moderate,breakfast,american,none,30,35,2,"Ingredient A, Ingredient B, Ingredient C for recipe 4","Step 1, Step 2, Step 3 for recipe 4"
Recipe 5,moderate,lunch,italian,vegetarian,10,40,3,"Ingredient A, Ingredient B, Ingredient C for recipe 5","Step 1, Step 2, Step 3 for recipe 5"
Recipe 6,moderate,dinner,mexican,gluten-free,15,15,4,"Ingredient A, Ingredient B, Ingredient C for recipe 6","Step 1, Step 2, Step 3 for recipe 6"
Recipe 7,moderate,snack,asian,dairy-free,20,20,5,"Ingredient A, Ingredient B, Ingredient C for recipe 7","Step 1, Step 2, Step 3 for recipe 7"
Recipe 8,moderate,breakfast,american,none,25,25,2,"Ingredient A, Ingredient B, Ingredient C for recipe 8","Step 1, Step 2, Step 3 for recipe 8"
Recipe 9,moderate,lunch,italian,vegetarian,30,30,3,"Ingredient A, Ingredient B, Ingredient C for recipe 9","Step 1, Step 2, Step 3 for recipe 9"
Recipe 10,moderate,dinner,mexican,gluten-free,10,35,4,"Ingredient A, Ingredient B, Ingredient C for recipe 10","Step 1, Step 2, Step 3 for recipe 10"
Recipe 11,moderate,snack,asian,dairy-free,15,40,5,"Ingredient A, Ingredient B, Ingredient C for recipe 11","Step 1, Step 2, Step 3 for recipe 11"
Recipe 12,moderate,breakfast,american,none,20,15,2,"Ingredient A, Ingredient B, Ingredient C for recipe 12","Step 1, Step 2, Step 3 for recipe 12"
Recipe 13,moderate,lunch,italian,vegetarian,25,20,3,"Ingredient A, Ingredient B, Ingredient C for recipe 13","Step 1, Step 2, Step 3 for recipe 13"
Recipe 14,moderate,dinner,mexican,gluten-free,30,25,4,"Ingredient A, Ingredient B, Ingredient C for recipe 14","Step 1, Step 2, Step 3 for recipe 14"
Recipe 15,moderate,snack,asian,dairy-free,10,30,5,"Ingredient A, Ingredient B, Ingredient C for recipe 15","Step 1, Step 2, Step 3 for recipe 15"
Recipe 16,moderate,breakfast,american,none,15,35,2,"Ingredient A, Ingredient B, Ingredient C for recipe 16","Step 1, Step 2, Step 3 for recipe 16"
Recipe 17,moderate,lunch,italian,vegetarian,20,40,3,"Ingredient A, Ingredient B, Ingredient C for recipe 17","Step 1, Step 2, Step 3 for recipe 17"
Recipe 18,moderate,dinner,mexican,gluten-free,25,15,4,"Ingredient A, Ingredient B, Ingredient C for recipe 18","Step 1, Step 2, Step 3 for recipe 18"
Recipe 19,moderate,snack,asian,dairy-free,30,20,5,"Ingredient A, Ingredient B, Ingredient C for recipe 19","Step 1, Step 2, Step 3 for recipe 19"
Recipe 20,moderate,breakfast,american,none,10,25,2,"Ingredient A, Ingredient B, Ingredient C for recipe 20","Step 1, Step 2, Step 3 for recipe 20"
Recipe 21,moderate,lunch,italian,vegetarian,15,30,3,"Ingredient A, Ingredient B, Ingredient C for recipe 21","Step 1, Step 2, Step 3 for recipe 21"
Recipe 22,moderate,dinner,mexican,gluten-free,20,35,4,"Ingredient A, Ingredient B, Ingredient C for recipe 22","Step 1, Step 2, Step 3 for recipe 22"
Recipe 23,moderate,snack,asian,dairy-free,25,40,5,"Ingredient A, Ingredient B, Ingredient C for recipe 23","Step 1, Step 2, Step 3 for recipe 23"
Recipe 24,moderate,breakfast,american,none,30,15,2,"Ingredient A, Ingredient B, Ingredient C for recipe 24","Step 1, Step 2, Step 3 for recipe 24"
Recipe 25,moderate,lunch,italian,vegetarian,10,20,3,"Ingredient A, Ingredient B, Ingredient C for recipe 25","Step 1, Step 2, Step 3 for recipe 25"
Recipe 26,moderate,dinner,mexican,gluten-free,15,25,4,"Ingredient A, Ingredient B, Ingredient C for recipe 26","Step 1, Step 2, Step 3 for recipe 26"
Recipe 27,moderate,snack,asian,dairy-free,20,30,5,"Ingredient A, Ingredient B, Ingredient C for recipe 27","Step 1, Step 2, Step 3 for recipe 27"
Recipe 28,moderate,breakfast,american,none,25,35,2,"Ingredient A, Ingredient B, Ingredient C for recipe 28","Step 1, Step 2, Step 3 for recipe 28"
Recipe 29,moderate,lunch,italian,vegetarian,30,40,3,"Ingredient A, Ingredient B, Ingredient C for recipe 29","Step 1, Step 2, Step 3 for recipe 29"
Recipe 30,moderate,dinner,mexican,gluten-free,10,15,4,"Ingredient A, Ingredient B, Ingredient C for recipe 30","Step 1, Step 2, Step 3 for recipe 30"
Recipe 31,moderate,snack,asian,dairy-free,15,20,5,"Ingredient A, Ingredient B, Ingredient C for recipe 31","Step 1, Step 2, Step 3 for recipe 31"
Recipe 32,moderate,breakfast,american,none,20,25,2,"Ingredient A, Ingredient B, Ingredient C for recipe 32","Step 1, Step 2, Step 3 for recipe 32"
Recipe 33,moderate,lunch,italian,vegetarian,25,30,3,"Ingredient A, Ingredient B, Ingredient C for recipe 33","Step 1, Step 2, Step 3 for recipe 33"
Recipe 34,moderate,dinner,mexican,gluten-free,30,35,4,"Ingredient A, Ingredient B, Ingredient C for recipe 34","Step 1, Step 2, Step 3 for recipe 34"
Recipe 35,moderate,snack,asian,dairy-free,10,40,5,"Ingredient A, Ingredient B, Ingredient C for recipe 35","Step 1, Step 2, Step 3 for recipe 35"
Recipe 36,moderate,breakfast,american,none,15,15,2,"Ingredient A, Ingredient B, Ingredient C for recipe 36","Step 1, Step 2, Step 3 for recipe 36"
Recipe 37,moderate,lunch,italian,vegetarian,20,20,3,"Ingredient A, Ingredient B, Ingredient C for recipe 37","Step 1, Step 2, Step 3 for recipe 37"
Recipe 38,moderate,dinner,mexican,gluten-free,25,25,4,"Ingredient A, Ingredient B, Ingredient C for recipe 38","Step 1, Step 2, Step 3 for recipe 38"
Recipe 39,moderate,snack,asian,dairy-free,30,30,5,"Ingredient A, Ingredient B, Ingredient C for recipe 39","Step 1, Step 2, Step 3 for recipe 39"
Recipe 40,moderate,breakfast,american,none,10,35,2,"Ingredient A, Ingredient B, Ingredient C for recipe 40","Step 1, Step 2, Step 3 for recipe 40"
Recipe 41,moderate,lunch,italian,vegetarian,15,40,3,"Ingredient A, Ingredient B, Ingredient C for recipe 41","Step 1, Step 2, Step 3 for recipe 41"
Recipe 42,moderate,dinner,mexican,gluten-free,20,15,4,"Ingredient A, Ingredient B, Ingredient C for recipe 42","Step 1, Step 2, Step 3 for recipe 42"
Recipe 43,moderate,snack,asian,dairy-free,25,20,5,"Ingredient A, Ingredient B, Ingredient C for recipe 43","Step 1, Step 2, Step 3 for recipe 43"
Recipe 44,moderate,breakfast,american,none,30,25,2,"Ingredient A, Ingredient B, Ingredient C for recipe 44","Step 1, Step 2, Step 3 for recipe 44"
Recipe 45,moderate,lunch,italian,vegetarian,10,30,3,"Ingredient A, Ingredient B, Ingredient C for recipe 45","Step 1, Step 2, Step 3 for recipe 45"
Recipe 46,moderate,dinner,mexican,gluten-free,15,35,4,"Ingredient A, Ingredient B, Ingredient C for recipe 46","Step 1, Step 2, Step 3 for recipe 46"
Recipe 47,moderate,snack,asian,dairy-free,20,40,5,"Ingredient A, Ingredient B, Ingredient C for recipe 47","Step 1, Step 2, Step 3 for recipe 47"
Recipe 48,moderate,breakfast,american,none,25,15,2,"Ingredient A, Ingredient B, Ingredient C for recipe 48","Step 1, Step 2, Step 3 for recipe 48"
Recipe 49,moderate,lunch,italian,vegetarian,30,20,3,"Ingredient A, Ingredient B, Ingredient C for recipe 49","Step 1, Step 2, Step 3 for recipe 49"
Recipe 50,moderate,dinner,mexican,gluten-free,10,25,4,"Ingredient A, Ingredient B, Ingredient C for recipe 50","Step 1, Step 2, Step 3 for recipe 50"
