Recipe Name,Category,Cuisine,Main Ingredient,Prep Time (min),Cook Time (min),Servings,Calories,Ingredients,Instructions
Recipe 1,Lunch,Italian,Beef,15,20,3,310,Ingredient list for recipe 1,Step-by-step instructions for recipe 1
Recipe 2,Dinner,Mexican,Vegetables,20,25,4,320,Ingredient list for recipe 2,Step-by-step instructions for recipe 2
Recipe 3,Snack,Asian,Pasta,25,30,5,330,Ingredient list for recipe 3,Step-by-step instructions for recipe 3
Recipe 4,Breakfast,American,Chicken,30,35,2,340,Ingredient list for recipe 4,Step-by-step instructions for recipe 4
Recipe 5,Lunch,Italian,Beef,10,40,3,350,Ingredient list for recipe 5,Step-by-step instructions for recipe 5
Recipe 6,Dinner,Mexican,Vegetables,15,15,4,360,Ingredient list for recipe 6,Step-by-step instructions for recipe 6
Recipe 7,Snack,Asian,Pasta,20,20,5,370,Ingredient list for recipe 7,Step-by-step instructions for recipe 7
Recipe 8,Breakfast,American,Chicken,25,25,2,380,Ingredient list for recipe 8,Step-by-step instructions for recipe 8
Recipe 9,Lunch,Italian,Beef,30,30,3,390,Ingredient list for recipe 9,Step-by-step instructions for recipe 9
Recipe 10,Dinner,Mexican,Vegetables,10,35,4,400,Ingredient list for recipe 10,Step-by-step instructions for recipe 10
Recipe 11,Snack,Asian,Pasta,15,40,5,410,Ingredient list for recipe 11,Step-by-step instructions for recipe 11
Recipe 12,Breakfast,American,Chicken,20,15,2,420,Ingredient list for recipe 12,Step-by-step instructions for recipe 12
Recipe 13,Lunch,Italian,Beef,25,20,3,430,Ingredient list for recipe 13,Step-by-step instructions for recipe 13
Recipe 14,Dinner,Mexican,Vegetables,30,25,4,440,Ingredient list for recipe 14,Step-by-step instructions for recipe 14
Recipe 15,Snack,Asian,Pasta,10,30,5,450,Ingredient list for recipe 15,Step-by-step instructions for recipe 15
Recipe 16,Breakfast,American,Chicken,15,35,2,460,Ingredient list for recipe 16,Step-by-step instructions for recipe 16
Recipe 17,Lunch,Italian,Beef,20,40,3,470,Ingredient list for recipe 17,Step-by-step instructions for recipe 17
Recipe 18,Dinner,Mexican,Vegetables,25,15,4,480,Ingredient list for recipe 18,Step-by-step instructions for recipe 18
Recipe 19,Snack,Asian,Pasta,30,20,5,490,Ingredient list for recipe 19,Step-by-step instructions for recipe 19
Recipe 20,Breakfast,American,Chicken,10,25,2,500,Ingredient list for recipe 20,Step-by-step instructions for recipe 20
Recipe 21,Lunch,Italian,Beef,15,30,3,510,Ingredient list for recipe 21,Step-by-step instructions for recipe 21
Recipe 22,Dinner,Mexican,Vegetables,20,35,4,520,Ingredient list for recipe 22,Step-by-step instructions for recipe 22
Recipe 23,Snack,Asian,Pasta,25,40,5,530,Ingredient list for recipe 23,Step-by-step instructions for recipe 23
Recipe 24,Breakfast,American,Chicken,30,15,2,540,Ingredient list for recipe 24,Step-by-step instructions for recipe 24
Recipe 25,Lunch,Italian,Beef,10,20,3,550,Ingredient list for recipe 25,Step-by-step instructions for recipe 25
Recipe 26,Dinner,Mexican,Vegetables,15,25,4,560,Ingredient list for recipe 26,Step-by-step instructions for recipe 26
Recipe 27,Snack,Asian,Pasta,20,30,5,570,Ingredient list for recipe 27,Step-by-step instructions for recipe 27
Recipe 28,Breakfast,American,Chicken,25,35,2,580,Ingredient list for recipe 28,Step-by-step instructions for recipe 28
Recipe 29,Lunch,Italian,Beef,30,40,3,590,Ingredient list for recipe 29,Step-by-step instructions for recipe 29
Recipe 30,Dinner,Mexican,Vegetables,10,15,4,600,Ingredient list for recipe 30,Step-by-step instructions for recipe 30
Recipe 31,Snack,Asian,Pasta,15,20,5,610,Ingredient list for recipe 31,Step-by-step instructions for recipe 31
Recipe 32,Breakfast,American,Chicken,20,25,2,620,Ingredient list for recipe 32,Step-by-step instructions for recipe 32
Recipe 33,Lunch,Italian,Beef,25,30,3,630,Ingredient list for recipe 33,Step-by-step instructions for recipe 33
Recipe 34,Dinner,Mexican,Vegetables,30,35,4,640,Ingredient list for recipe 34,Step-by-step instructions for recipe 34
Recipe 35,Snack,Asian,Pasta,10,40,5,650,Ingredient list for recipe 35,Step-by-step instructions for recipe 35
Recipe 36,Breakfast,American,Chicken,15,15,2,660,Ingredient list for recipe 36,Step-by-step instructions for recipe 36
Recipe 37,Lunch,Italian,Beef,20,20,3,670,Ingredient list for recipe 37,Step-by-step instructions for recipe 37
Recipe 38,Dinner,Mexican,Vegetables,25,25,4,680,Ingredient list for recipe 38,Step-by-step instructions for recipe 38
Recipe 39,Snack,Asian,Pasta,30,30,5,690,Ingredient list for recipe 39,Step-by-step instructions for recipe 39
Recipe 40,Breakfast,American,Chicken,10,35,2,700,Ingredient list for recipe 40,Step-by-step instructions for recipe 40
Recipe 41,Lunch,Italian,Beef,15,40,3,710,Ingredient list for recipe 41,Step-by-step instructions for recipe 41
Recipe 42,Dinner,Mexican,Vegetables,20,15,4,720,Ingredient list for recipe 42,Step-by-step instructions for recipe 42
Recipe 43,Snack,Asian,Pasta,25,20,5,730,Ingredient list for recipe 43,Step-by-step instructions for recipe 43
Recipe 44,Breakfast,American,Chicken,30,25,2,740,Ingredient list for recipe 44,Step-by-step instructions for recipe 44
Recipe 45,Lunch,Italian,Beef,10,30,3,750,Ingredient list for recipe 45,Step-by-step instructions for recipe 45
Recipe 46,Dinner,Mexican,Vegetables,15,35,4,760,Ingredient list for recipe 46,Step-by-step instructions for recipe 46
Recipe 47,Snack,Asian,Pasta,20,40,5,770,Ingredient list for recipe 47,Step-by-step instructions for recipe 47
Recipe 48,Breakfast,American,Chicken,25,15,2,780,Ingredient list for recipe 48,Step-by-step instructions for recipe 48
Recipe 49,Lunch,Italian,Beef,30,20,3,790,Ingredient list for recipe 49,Step-by-step instructions for recipe 49
Recipe 50,Dinner,Mexican,Vegetables,10,25,4,800,Ingredient list for recipe 50,Step-by-step instructions for recipe 50
